id,produto,quantidade,preço,data
1,mochila,9,60,11/01/2023
2,livro,15,20,12/01/2023
3,caderno,18,8,13/01/2023
4,lápis,30,1,14/01/2023
5,borracha,25,0.5,15/01/2023
6,cola,10,2.5,16/01/2023
7,régua,12,4,17/01/2023
8,pincel atômico,8,5,18/01/2023
9,papel sulfite A4 500 folhas,6,25,19/01/2023
10,pasta sanfonada,4,35,20/01/2023
11,pilha AA,20,2,25/01/2023
12,luminária de mesa,4,40,26/01/2023
13,relogio de parede,8,20,27/01/2023
14,porta-retrato digital,2,100,28/01/2023
15,vaporizador de roupas,1,150,29/01/2023
16,balança digital,3,60,30/01/2023
17,furadeira elétrica,2,200,31/01/2023
18,jogo de panelas antiaderente,5,120,01/02/2023
19,faca elétrica,4,80,02/02/2023
20,sanduicheira elétrica,6,40,03/02/2023
21,fone de ouvido,5,80,21/01/2023
22,mouse sem fio,7,50,22/01/2023
23,filtro de linha,6,30,23/01/2023
24,cabo HDMI,10,15,24/01/2023
25,camiseta,2,29.9,01/01/2023
26,calça,5,80,02/01/2023
27,sapato,3,100,03/01/2023
28,meia,20,5,04/01/2023
29,cinto,8,15,05/01/2023
30,camisa,7,40,06/01/2023
31,bermuda,6,50,07/01/2023
32,tênis,4,120,08/01/2023
33,bone,12,10,09/01/2023
34,casaco,2,150,10/01/2023
35,mixer de alimentos,7,50,04/02/2023
36,batedeira planetária,2,300,05/02/2023
52,guitarra elétrica fender,3,2999,20/02/2023
53,amplificador de guitarra,4,799,21/02/2023
54,pedaleira preta,5,499,22/02/2023
55,cabo para instrumento ninja,10,59,23/02/2023
56,palheta dunlop,20,1,24/02/2023
57,afinador digital,6,49,25/02/2023
58,capotraste,8,99,26/02/2023
59,suporte para guitarra,7,29,27/02/2023
59,suporte para guitarra,7,29,27/02/2023
60,correia para guitarra,9,19,28/02/2023
61,encordoamento para guitarra,12,39,01/03/2023
62,violão acústico,4,299,02/03/2023
63,capa para violão,5,99,03/03/2023
64,banqueta para violão,6,69,04/03/2023
65,limpador de cordas,8,29,05/03/2023
66,flauta transversal,2,1999,06/03/2023
67,suporte para flauta,4,79,07/03/2023
68,estojo para flauta,10,9999,08/03/2023
70,saxofone,4,4359,10/03/2023
71,suporte para saxofone,5,32.69,11/03/2023
76,teclado musical casio,2,784.98,16/03/2023
77,sintetizador de voz,3,324.12,17/03/2023
78,controlador com cabo usb,4,124,18/03/2023
79,caixa de som jbl,2,39.99,19/03/2023
80,microfone sem fio shure,3,2000,20/03/2023
81,pedestal para microfone,6,150,21/03/2023
82,cabo para microfone,10,12.5,22/03/2023
83,caixa acústica,8,789,24/03/2023
85,mixer de áudio behringer,2,888,25/03/2023
86,fone de ouvido profissional akg,3,300,27/03/2023
